variable,n,n_missing,mean,median,std,min,q25,q75,max,skewness,kurtosis
PLATAM V2.0,1835,0,760.8474114441417,805.0,190.10652078487865,245.0,575.0,930.0,1000.0,-0.5679361710163404,-0.8181670302835395
HCPN Normalizado,1623,212,758.9840843075594,809.5238095238095,169.63012346907905,0.0,718.0735930735931,864.7186147186146,1000.0,-1.7014404576909834,3.4682111870977446
Score Híbrido,1835,0,760.0614034466895,791.1904761904761,150.6981268883748,115.0,691.1926406926407,869.1341991341992,1000.0,-1.1930165921686853,1.6385208183105702
Payment Performance,1835,0,438.38147138964575,500.0,139.21319052266614,70.0,300.0,540.0,600.0,-0.8328846696187667,-0.45880055571624423
Payment Plan,1835,0,150.0,150.0,0.0,150.0,150.0,150.0,150.0,,
Deterioration,1835,0,172.46594005449592,250.0,87.90149085463514,25.0,125.0,250.0,250.0,-0.550895246345957,-1.2278058615294705
