variable,n,n_missing,mean,median,std,min,q25,q75,max,skewness,kurtosis
PLATAM V2.0,1835,0,760.8474114441417,805.0,190.10652078487865,245.0,575.0,930.0,1000.0,-0.5679361710163404,-0.8181670302835395
HCPN Normalizado,1559,276,762.1324580914061,811.6883116883117,164.2204175501981,0.0,725.1082251082252,863.6363636363636,1000.0,-1.8574065117635732,4.150242730376434
Score Híbrido,1835,0,760.7958266982791,792.5649350649351,149.217529561082,115.0,689.025974025974,869.5800865800866,1000.0,-1.1767023575154218,1.5597809945921544
Payment Performance,1835,0,438.38147138964575,500.0,139.21319052266614,70.0,300.0,540.0,600.0,-0.8328846696187667,-0.45880055571624423
Payment Plan,1835,0,150.0,150.0,0.0,150.0,150.0,150.0,150.0,,
Deterioration,1835,0,172.46594005449592,250.0,87.90149085463514,25.0,125.0,250.0,250.0,-0.550895246345957,-1.2278058615294705
